frame,NOSE_x,NOSE_y,NOSE_z,NOSE_visibility,LEFT_SHOULDER_x,LEFT_SHOULDER_y,LEFT_SHOULDER_z,LEFT_SHOULDER_visibility,RIGHT_SHOULDER_x,RIGHT_SHOULDER_y,RIGHT_SHOULDER_z,RIGHT_SHOULDER_visibility,LEFT_HIP_x,LEFT_HIP_y,LEFT_HIP_z,LEFT_HIP_visibility,RIGHT_HIP_x,RIGHT_HIP_y,RIGHT_HIP_z,RIGHT_HIP_visibility,LEFT_KNEE_x,LEFT_KNEE_y,LEFT_KNEE_z,LEFT_KNEE_visibility,RIGHT_KNEE_x,RIGHT_KNEE_y,RIGHT_KNEE_z,RIGHT_KNEE_visibility,LEFT_ANKLE_x,LEFT_ANKLE_y,LEFT_ANKLE_z,LEFT_ANKLE_visibility,RIGHT_ANKLE_x,RIGHT_ANKLE_y,RIGHT_ANKLE_z,RIGHT_ANKLE_visibility
4,0.46621087193489075,0.37653809785842896,0.0,0.8947525024414062,0.4860136806964874,0.4244847893714905,0.0,0.9848625063896179,0.43704259395599365,0.4243974983692169,0.0,0.9633975625038147,0.4696522057056427,0.5655617117881775,0.0,0.9956451654434204,0.4383501708507538,0.5669224262237549,0.0,0.9930506944656372,0.47443121671676636,0.6782717704772949,0.0,0.9920153617858887,0.4460645914077759,0.6837373971939087,0.0,0.9882091283798218,0.4828580617904663,0.7863247394561768,0.0,0.9752097725868225,0.45164138078689575,0.795285701751709,0.0,0.9681316614151001
5,0.4744034707546234,0.38680121302604675,0.0,0.9482361674308777,0.48465976119041443,0.43012693524360657,0.0,0.9805742502212524,0.4353991746902466,0.43115702271461487,0.0,0.9776206612586975,0.46831637620925903,0.564345121383667,0.0,0.9922820925712585,0.4358356297016144,0.5670590996742249,0.0,0.9914218783378601,0.4737802743911743,0.6761606931686401,0.0,0.9857611060142517,0.44002506136894226,0.6866205930709839,0.0,0.9850494265556335,0.47855880856513977,0.7851203083992004,0.0,0.9594603776931763,0.44174954295158386,0.8024216294288635,0.0,0.9574630856513977
6,0.47776272892951965,0.38891372084617615,0.0,0.9532965421676636,0.48111364245414734,0.4327211081981659,0.0,0.9837346076965332,0.42857515811920166,0.4330219030380249,0.0,0.9899010062217712,0.4701176881790161,0.5690913796424866,0.0,0.9952451586723328,0.435345858335495,0.5726590752601624,0.0,0.9961127638816833,0.47976502776145935,0.676842987537384,0.0,0.988730251789093,0.4408479630947113,0.6896042227745056,0.0,0.9911870360374451,0.48433229327201843,0.7833313345909119,0.0,0.9608216285705566,0.4415454864501953,0.8042210936546326,0.0,0.9656684398651123
7,0.4488496482372284,0.38724103569984436,0.0,0.9501577019691467,0.48399436473846436,0.44370806217193604,0.0,0.9888895750045776,0.4284415543079376,0.443275511264801,0.0,0.9564175009727478,0.47106310725212097,0.5816029906272888,0.0,0.9913879036903381,0.43514299392700195,0.5824256539344788,0.0,0.9830943942070007,0.4781993627548218,0.6827462911605835,0.0,0.9851208925247192,0.4407014548778534,0.6908482313156128,0.0,0.9729036688804626,0.48070386052131653,0.7843405604362488,0.0,0.9463302493095398,0.43922874331474304,0.7994849681854248,0.0,0.9229429364204407
8,0.4386000335216522,0.3976692855358124,0.0,0.9559095501899719,0.48013174533843994,0.45305830240249634,0.0,0.9926512837409973,0.4268931448459625,0.45290273427963257,0.0,0.9513306021690369,0.4742317497730255,0.587867796421051,0.0,0.9945909976959229,0.4397183358669281,0.5900578498840332,0.0,0.986374020576477,0.4815841019153595,0.6857569217681885,0.0,0.9914924502372742,0.4437738358974457,0.7015519738197327,0.0,0.9805174469947815,0.4840695559978485,0.7838522791862488,0.0,0.9689106941223145,0.4429720640182495,0.812325656414032,0.0,0.9482442736625671
9,0.4359734356403351,0.4043830335140228,0.0,0.9718860387802124,0.4757939279079437,0.4573958218097687,0.0,0.9911233186721802,0.41872644424438477,0.45937734842300415,0.0,0.9761624336242676,0.47298622131347656,0.5965839624404907,0.0,0.9931079149246216,0.43533003330230713,0.6005541086196899,0.0,0.9883686304092407,0.48045170307159424,0.6936051845550537,0.0,0.9883897304534912,0.4387902021408081,0.7151510715484619,0.0,0.9820871949195862,0.4863288104534149,0.7858309149742126,0.0,0.9574790596961975,0.44057515263557434,0.8239676356315613,0.0,0.9450684189796448
10,0.4280703663825989,0.3993259072303772,0.0,0.9566887021064758,0.46809062361717224,0.45912033319473267,0.0,0.9914718270301819,0.41606253385543823,0.4576927423477173,0.0,0.9666507840156555,0.46422040462493896,0.5980187058448792,0.0,0.9923291802406311,0.4303014874458313,0.5997047424316406,0.0,0.9844264388084412,0.4712884724140167,0.6989033818244934,0.0,0.984582245349884,0.43390798568725586,0.7133889198303223,0.0,0.9714728593826294,0.4824085533618927,0.7925604581832886,0.0,0.9368470311164856,0.4396803081035614,0.8191664218902588,0.0,0.9097477197647095
11,0.4240088164806366,0.3987790048122406,0.0,0.92254638671875,0.4620995819568634,0.458407998085022,0.0,0.9773359298706055,0.4166373908519745,0.4562409818172455,0.0,0.9505722522735596,0.46276387572288513,0.5927838683128357,0.0,0.9843614101409912,0.4333188831806183,0.5940093994140625,0.0,0.9766222834587097,0.4670644998550415,0.6949548125267029,0.0,0.9780150055885315,0.4359336793422699,0.7063509225845337,0.0,0.9698604345321655,0.4806218147277832,0.7934529781341553,0.0,0.9352662563323975,0.4433881640434265,0.815173864364624,0.0,0.9235408902168274
12,0.41536352038383484,0.40101468563079834,0.0,0.9034687280654907,0.4597533047199249,0.45903846621513367,0.0,0.9791387915611267,0.40928220748901367,0.45661211013793945,0.0,0.9485966563224792,0.4572773873806,0.6046149730682373,0.0,0.9805199503898621,0.4254738986492157,0.6045820713043213,0.0,0.9692385196685791,0.46059226989746094,0.7181870937347412,0.0,0.9536885023117065,0.4306793212890625,0.7219691872596741,0.0,0.9330744743347168,0.47508877515792847,0.7988036274909973,0.0,0.8317882418632507,0.4451602101325989,0.8083591461181641,0.0,0.7990177869796753
13,0.41572895646095276,0.4083663523197174,0.0,0.9523390531539917,0.4602680504322052,0.4679284691810608,0.0,0.9871131777763367,0.40458744764328003,0.46994292736053467,0.0,0.970207691192627,0.45555973052978516,0.6222035884857178,0.0,0.9817414879798889,0.4215395748615265,0.6239214539527893,0.0,0.9723590016365051,0.45376813411712646,0.7334516048431396,0.0,0.9482231736183167,0.43037110567092896,0.7397715449333191,0.0,0.9272220730781555,0.4673435091972351,0.8136247396469116,0.0,0.7936455607414246,0.4480024576187134,0.8244714140892029,0.0,0.7572683095932007
14,0.4112544357776642,0.4070081412792206,0.0,0.9462868571281433,0.45365622639656067,0.4665045142173767,0.0,0.9943733215332031,0.40309861302375793,0.46680334210395813,0.0,0.9674000144004822,0.4500466287136078,0.6149230599403381,0.0,0.9929297566413879,0.41985610127449036,0.6159473657608032,0.0,0.9828394055366516,0.4483531713485718,0.717354416847229,0.0,0.9804165959358215,0.4290967285633087,0.7211225628852844,0.0,0.9564733505249023,0.46598121523857117,0.8012164831161499,0.0,0.9080830812454224,0.45059168338775635,0.8058703541755676,0.0,0.8569059371948242
15,0.40699663758277893,0.403531551361084,0.0,0.9460520148277283,0.45188531279563904,0.46887192130088806,0.0,0.9933392405509949,0.3981296718120575,0.46844610571861267,0.0,0.96584552526474,0.4484735429286957,0.6119606494903564,0.0,0.991496205329895,0.41645297408103943,0.6111085414886475,0.0,0.9807544946670532,0.4439854621887207,0.7232317924499512,0.0,0.9793262481689453,0.42526111006736755,0.7164630889892578,0.0,0.956244945526123,0.46267327666282654,0.812398374080658,0.0,0.9109597206115723,0.45341119170188904,0.8007643222808838,0.0,0.866538941860199
16,0.40475139021873474,0.4106670618057251,0.0,0.9268359541893005,0.4497818946838379,0.4746357500553131,0.0,0.996840238571167,0.39712265133857727,0.47334766387939453,0.0,0.9749302268028259,0.444015234708786,0.6259677410125732,0.0,0.9969766139984131,0.41313886642456055,0.6235254406929016,0.0,0.9920159578323364,0.4380742907524109,0.7439959645271301,0.0,0.9911875128746033,0.4292570948600769,0.7271052598953247,0.0,0.9783122539520264,0.4538045823574066,0.8471337556838989,0.0,0.946500301361084,0.4597872495651245,0.8175078630447388,0.0,0.9126991629600525
17,0.39910319447517395,0.41552087664604187,0.0,0.9424430131912231,0.44685789942741394,0.4803635776042938,0.0,0.9976264834403992,0.39065828919410706,0.4777306020259857,0.0,0.9692119359970093,0.4389999210834503,0.6310622692108154,0.0,0.9972341656684875,0.4053727388381958,0.6284171342849731,0.0,0.9907153844833374,0.43552133440971375,0.7510430812835693,0.0,0.9921925663948059,0.4230140745639801,0.7363290190696716,0.0,0.9759497046470642,0.44979676604270935,0.8522801995277405,0.0,0.9516093730926514,0.4547376334667206,0.8278378844261169,0.0,0.9089857935905457
18,0.39167678356170654,0.41363459825515747,0.0,0.924464225769043,0.44018298387527466,0.4815157651901245,0.0,0.9979556798934937,0.38943034410476685,0.4767244756221771,0.0,0.9681034684181213,0.43317556381225586,0.6317742466926575,0.0,0.9979876279830933,0.4036540687084198,0.6288939714431763,0.0,0.9920346140861511,0.43119028210639954,0.7529890537261963,0.0,0.9921507835388184,0.4158861041069031,0.7425690293312073,0.0,0.971780002117157,0.45201072096824646,0.8618185520172119,0.0,0.9420851469039917,0.44633111357688904,0.8431387543678284,0.0,0.8808771371841431
19,0.38669368624687195,0.41671937704086304,0.0,0.8116585612297058,0.4380391836166382,0.48294904828071594,0.0,0.9968141913414001,0.3863607347011566,0.48118728399276733,0.0,0.9590839743614197,0.43086716532707214,0.6462481617927551,0.0,0.9985390901565552,0.4008534252643585,0.6443108916282654,0.0,0.9947788715362549,0.4298836588859558,0.7676058411598206,0.0,0.9941471815109253,0.4138929545879364,0.757483720779419,0.0,0.9811210036277771,0.44677284359931946,0.882239580154419,0.0,0.9548890590667725,0.439844012260437,0.8635537028312683,0.0,0.9121498465538025
20,0.38156774640083313,0.4221082925796509,0.0,0.8303500413894653,0.4322510063648224,0.48570188879966736,0.0,0.9963349103927612,0.383146196603775,0.4831283986568451,0.0,0.9595398306846619,0.4280363917350769,0.6440012454986572,0.0,0.9983102083206177,0.3997027277946472,0.6423931121826172,0.0,0.994465172290802,0.42391833662986755,0.7643520832061768,0.0,0.9942194223403931,0.41097643971443176,0.7580781579017639,0.0,0.9828630089759827,0.43974316120147705,0.8811221122741699,0.0,0.9598641395568848,0.43775704503059387,0.8698827624320984,0.0,0.9252488017082214
21,0.375913143157959,0.429670512676239,0.0,0.8759586811065674,0.4313161075115204,0.4940016567707062,0.0,0.9957395792007446,0.37942954897880554,0.4892224669456482,0.0,0.9586278200149536,0.42459776997566223,0.6580743193626404,0.0,0.9970700740814209,0.3946877419948578,0.6528723239898682,0.0,0.9911634922027588,0.4215075671672821,0.7843175530433655,0.0,0.9926474094390869,0.4127828776836395,0.7628220915794373,0.0,0.9798622727394104,0.42881259322166443,0.9129736423492432,0.0,0.9511330127716064,0.4337504208087921,0.8766133189201355,0.0,0.916077196598053
22,0.37115535140037537,0.4318753480911255,0.0,0.738210916519165,0.4233494699001312,0.49961841106414795,0.0,0.9953504800796509,0.37775248289108276,0.495611310005188,0.0,0.9513363242149353,0.415265828371048,0.6586694717407227,0.0,0.9980719089508057,0.3910469710826874,0.655292272567749,0.0,0.993502676486969,0.410634309053421,0.7795591354370117,0.0,0.9938220977783203,0.4094138443470001,0.7675560712814331,0.0,0.9817351698875427,0.4203663170337677,0.9012929201126099,0.0,0.9587433934211731,0.43698614835739136,0.8802885413169861,0.0,0.9245677590370178
23,0.3698008358478546,0.44679349660873413,0.0,0.7976703643798828,0.42439892888069153,0.505925178527832,0.0,0.9972476363182068,0.3739892840385437,0.5002011656761169,0.0,0.9623862504959106,0.41866186261177063,0.6712343692779541,0.0,0.9987415671348572,0.39143267273902893,0.6632446646690369,0.0,0.9954397082328796,0.4048883616924286,0.7972242832183838,0.0,0.9964499473571777,0.407677561044693,0.758284866809845,0.0,0.988114058971405,0.4127282202243805,0.9297546744346619,0.0,0.9754987955093384,0.4421180486679077,0.8626202344894409,0.0,0.9525148868560791
24,0.36550018191337585,0.44682544469833374,0.0,0.8466413617134094,0.422155499458313,0.5121584534645081,0.0,0.9978318810462952,0.3690752685070038,0.5048656463623047,0.0,0.9675145149230957,0.4156307280063629,0.6796349287033081,0.0,0.9986542463302612,0.38727375864982605,0.6705392599105835,0.0,0.9949415326118469,0.3997352421283722,0.810864269733429,0.0,0.9954818487167358,0.4064488112926483,0.7677572965621948,0.0,0.9842538833618164,0.4063456356525421,0.9475240707397461,0.0,0.9651246666908264,0.443975567817688,0.873030960559845,0.0,0.9314941763877869
25,0.3589211106300354,0.44569212198257446,0.0,0.9200869202613831,0.41895389556884766,0.5150253772735596,0.0,0.9959110021591187,0.36154210567474365,0.5092596411705017,0.0,0.973225474357605,0.41410791873931885,0.681343138217926,0.0,0.9946842789649963,0.3828745186328888,0.6716246008872986,0.0,0.9862724542617798,0.39704009890556335,0.8148428201675415,0.0,0.9856724739074707,0.399058073759079,0.7679562568664551,0.0,0.965247392654419,0.401990681886673,0.9458898901939392,0.0,0.9131514430046082,0.43547171354293823,0.865360677242279,0.0,0.8682680130004883
26,0.35688477754592896,0.45245110988616943,0.0,0.8769394159317017,0.4167007505893707,0.5208654403686523,0.0,0.998245120048523,0.3619909882545471,0.5129855275154114,0.0,0.9797168374061584,0.4092691242694855,0.6882216930389404,0.0,0.9988299012184143,0.3802349865436554,0.6784720420837402,0.0,0.9962244033813477,0.3899940550327301,0.820306658744812,0.0,0.995573878288269,0.39768078923225403,0.7741820216178894,0.0,0.9866167306900024,0.40280258655548096,0.9459702968597412,0.0,0.964597761631012,0.44319823384284973,0.8679420948028564,0.0,0.9367862343788147
27,0.35240423679351807,0.4569416046142578,0.0,0.8547024726867676,0.41047289967536926,0.5236018896102905,0.0,0.9977093935012817,0.361200213432312,0.5134211778640747,0.0,0.9784104228019714,0.4036453068256378,0.6905423402786255,0.0,0.9987090826034546,0.3768589198589325,0.6791685819625854,0.0,0.9962691068649292,0.388548344373703,0.8229798674583435,0.0,0.996281087398529,0.3919965624809265,0.7707844972610474,0.0,0.9898922443389893,0.4060482978820801,0.9539587497711182,0.0,0.9729284048080444,0.4324353337287903,0.8655587434768677,0.0,0.955315351486206
28,0.3467388451099396,0.4597180187702179,0.0,0.8386150002479553,0.4046487808227539,0.5276111960411072,0.0,0.9973813891410828,0.35496506094932556,0.5148444175720215,0.0,0.9729983806610107,0.39676734805107117,0.6915023326873779,0.0,0.9985080361366272,0.36916935443878174,0.6800590753555298,0.0,0.9955216646194458,0.38674354553222656,0.8254740834236145,0.0,0.9957771301269531,0.38860929012298584,0.778168261051178,0.0,0.9882208108901978,0.4030720889568329,0.9579460620880127,0.0,0.9683297872543335,0.4291645884513855,0.8805375695228577,0.0,0.946697473526001
29,0.34322184324264526,0.4568430185317993,0.0,0.8470459580421448,0.3957357108592987,0.5275002717971802,0.0,0.9967165589332581,0.34928256273269653,0.5181027054786682,0.0,0.9805566072463989,0.3905709981918335,0.6824035048484802,0.0,0.9983572363853455,0.3655913174152374,0.6765830516815186,0.0,0.9960188269615173,0.38267725706100464,0.8033947944641113,0.0,0.9941184520721436,0.3779454529285431,0.7828266620635986,0.0,0.9868930578231812,0.40784597396850586,0.9087963104248047,0.0,0.9572761654853821,0.42271775007247925,0.8775567412376404,0.0,0.935448169708252
30,0.33642762899398804,0.4614867568016052,0.0,0.891431450843811,0.39212796092033386,0.5318337678909302,0.0,0.9971438050270081,0.34356844425201416,0.5209553241729736,0.0,0.9810535311698914,0.3900901973247528,0.6871193647384644,0.0,0.9982245564460754,0.3635154962539673,0.6803902387619019,0.0,0.9955366849899292,0.3799319267272949,0.8164437413215637,0.0,0.9934744238853455,0.374444842338562,0.7942646145820618,0.0,0.9848155975341797,0.40400877594947815,0.9343832731246948,0.0,0.949922502040863,0.41731521487236023,0.8995218276977539,0.0,0.9229221940040588
31,0.33061110973358154,0.4613732099533081,0.0,0.8743213415145874,0.38402730226516724,0.5290366411209106,0.0,0.9944542050361633,0.34232833981513977,0.523533284664154,0.0,0.9730972051620483,0.38534173369407654,0.6917291879653931,0.0,0.9969314336776733,0.3618372976779938,0.6885432600975037,0.0,0.9935190081596375,0.3855779767036438,0.8269146084785461,0.0,0.9927998781204224,0.37776002287864685,0.8149967789649963,0.0,0.9860893487930298,0.40602540969848633,0.9462728500366211,0.0,0.9521502256393433,0.40877196192741394,0.9273106455802917,0.0,0.9342387318611145
32,0.32377195358276367,0.46949338912963867,0.0,0.7607144117355347,0.37805402278900146,0.5342893004417419,0.0,0.9952684044837952,0.33805882930755615,0.521928608417511,0.0,0.9763303399085999,0.37958478927612305,0.6885989904403687,0.0,0.9987169504165649,0.3569124639034271,0.6829768419265747,0.0,0.9972810745239258,0.37687280774116516,0.8207244277000427,0.0,0.9958717226982117,0.36630725860595703,0.8071050643920898,0.0,0.9919920563697815,0.40833166241645813,0.934960126876831,0.0,0.9697762131690979,0.4022981524467468,0.914972722530365,0.0,0.95792156457901
33,0.31885114312171936,0.47318342328071594,0.0,0.7241114974021912,0.3709878921508789,0.5364610552787781,0.0,0.995405912399292,0.335440456867218,0.5274077653884888,0.0,0.9694092869758606,0.3730977177619934,0.6947500705718994,0.0,0.9988375306129456,0.35273683071136475,0.6898894906044006,0.0,0.9971568584442139,0.374055951833725,0.820632815361023,0.0,0.9970746040344238,0.3588143587112427,0.8050301671028137,0.0,0.9934664368629456,0.4063512980937958,0.9331024885177612,0.0,0.9798712134361267,0.3858985900878906,0.9068066477775574,0.0,0.9695959687232971
34,0.3133907616138458,0.4730291962623596,0.0,0.812417209148407,0.36909055709838867,0.5354247093200684,0.0,0.996514618396759,0.32685142755508423,0.5281177163124084,0.0,0.9790756702423096,0.37307700514793396,0.6928539276123047,0.0,0.9992808699607849,0.3457906246185303,0.687299907207489,0.0,0.9983501434326172,0.37663939595222473,0.8206155300140381,0.0,0.9983348250389099,0.34285232424736023,0.7986376285552979,0.0,0.9965026378631592,0.40631064772605896,0.9379317760467529,0.0,0.9891235828399658,0.3667602241039276,0.9014359712600708,0.0,0.9843147397041321
35,0.3092915713787079,0.4783276915550232,0.0,0.7768749594688416,0.35973912477493286,0.5352822542190552,0.0,0.9907273054122925,0.3244480788707733,0.5261695384979248,0.0,0.9764584302902222,0.36830756068229675,0.6938697695732117,0.0,0.9969688057899475,0.3445838391780853,0.6890366077423096,0.0,0.99489825963974,0.3751178979873657,0.8208937048912048,0.0,0.991208553314209,0.33716320991516113,0.8075010776519775,0.0,0.9867172241210938,0.400274395942688,0.9361705780029297,0.0,0.9408629536628723,0.34933987259864807,0.9135125279426575,0.0,0.9314432740211487
36,0.3023125231266022,0.48139965534210205,0.0,0.764808177947998,0.3454209566116333,0.5382038950920105,0.0,0.9889370203018188,0.3227490484714508,0.5257666110992432,0.0,0.978611171245575,0.3605198264122009,0.6902088522911072,0.0,0.9972203969955444,0.34453824162483215,0.6862216591835022,0.0,0.9960253238677979,0.36576157808303833,0.8131458759307861,0.0,0.9912582039833069,0.3371560573577881,0.809260368347168,0.0,0.9885622262954712,0.3950918912887573,0.9334521889686584,0.0,0.940873920917511,0.3432851731777191,0.9273447394371033,0.0,0.9364402294158936
37,0.29738378524780273,0.4882241487503052,0.0,0.7095341682434082,0.33785951137542725,0.5412560701370239,0.0,0.9903258085250854,0.32101336121559143,0.5280088186264038,0.0,0.9772966504096985,0.3523467779159546,0.694589376449585,0.0,0.9980176687240601,0.3395584523677826,0.6909464597702026,0.0,0.9968991279602051,0.36521080136299133,0.8157137036323547,0.0,0.9932628273963928,0.33287012577056885,0.8147631287574768,0.0,0.9905915856361389,0.39388972520828247,0.9348833560943604,0.0,0.9514021873474121,0.331635057926178,0.9320643544197083,0.0,0.9453834891319275
38,0.29093632102012634,0.489041805267334,0.0,0.8118159770965576,0.33286264538764954,0.5426728129386902,0.0,0.9897822141647339,0.31540995836257935,0.5367124080657959,0.0,0.9831420183181763,0.3480444550514221,0.6955237984657288,0.0,0.9972735047340393,0.3385801911354065,0.694389283657074,0.0,0.9964357614517212,0.3499589264392853,0.8198064565658569,0.0,0.9927329421043396,0.34691810607910156,0.8212481737136841,0.0,0.991392970085144,0.3657175898551941,0.9366414546966553,0.0,0.9555014371871948,0.36071279644966125,0.9399073123931885,0.0,0.9547780156135559
39,0.28592342138290405,0.49383148550987244,0.0,0.7662479281425476,0.3225836753845215,0.5429074764251709,0.0,0.9942378997802734,0.31490635871887207,0.5386743545532227,0.0,0.9824864864349365,0.33274605870246887,0.6994786858558655,0.0,0.9980533123016357,0.3350079655647278,0.6982229948043823,0.0,0.996480405330658,0.3248865604400635,0.8297172784805298,0.0,0.9944103360176086,0.36052802205085754,0.8264622092247009,0.0,0.9909233450889587,0.3306795060634613,0.9462524056434631,0.0,0.9600951671600342,0.38769015669822693,0.9400402903556824,0.0,0.9506328701972961
40,0.27730560302734375,0.49834108352661133,0.0,0.7947319746017456,0.3172180652618408,0.5535923838615417,0.0,0.995785653591156,0.3044658899307251,0.5411076545715332,0.0,0.9848921298980713,0.328777939081192,0.7154700756072998,0.0,0.9982268214225769,0.3277342617511749,0.7116151452064514,0.0,0.9966291785240173,0.3212580680847168,0.8395382165908813,0.0,0.9931634664535522,0.35439422726631165,0.834716796875,0.0,0.9883084297180176,0.3282797634601593,0.9532850980758667,0.0,0.9465999603271484,0.3796737790107727,0.9420369267463684,0.0,0.931804358959198
41,0.26903119683265686,0.49739012122154236,0.0,0.8340172171592712,0.3134319484233856,0.5492356419563293,0.0,0.9904049634933472,0.2930033206939697,0.551400899887085,0.0,0.9652968049049377,0.3290746510028839,0.7086121439933777,0.0,0.9963579773902893,0.3135564625263214,0.7121078372001648,0.0,0.992931604385376,0.35049518942832947,0.8398364186286926,0.0,0.9928429126739502,0.3147023618221283,0.8457433581352234,0.0,0.9873321652412415,0.3860096037387848,0.9484355449676514,0.0,0.960377037525177,0.32704317569732666,0.9524871110916138,0.0,0.9480343461036682
42,0.2587597668170929,0.4943073093891144,0.0,0.8233376145362854,0.3054906129837036,0.5553926229476929,0.0,0.9801356792449951,0.2866864502429962,0.5488215088844299,0.0,0.9335954189300537,0.3176727592945099,0.7193459868431091,0.0,0.9861922860145569,0.3060733675956726,0.7200566530227661,0.0,0.9748161435127258,0.3361051082611084,0.8394650220870972,0.0,0.978310227394104,0.31460121273994446,0.8438296914100647,0.0,0.9639031291007996,0.36868736147880554,0.9467862248420715,0.0,0.9186615347862244,0.3328441381454468,0.948970377445221,0.0,0.8985564112663269
43,0.2568131387233734,0.4934680759906769,0.0,0.7913540005683899,0.29858916997909546,0.5593797564506531,0.0,0.9860324263572693,0.28400108218193054,0.5513557195663452,0.0,0.9143072366714478,0.30235594511032104,0.7295203804969788,0.0,0.9861750602722168,0.3008521497249603,0.7284571528434753,0.0,0.9651679992675781,0.3036481738090515,0.8536633849143982,0.0,0.9820267558097839,0.3308027982711792,0.849967896938324,0.0,0.9595497250556946,0.3220956325531006,0.9595640897750854,0.0,0.9379456639289856,0.3663945496082306,0.9486210942268372,0.0,0.9058570861816406
44,0.2513798475265503,0.501539409160614,0.0,0.6480739116668701,0.28765350580215454,0.5502054691314697,0.0,0.9730992317199707,0.2762165367603302,0.5517988801002502,0.0,0.8556869626045227,0.30413269996643066,0.7084910869598389,0.0,0.9867298603057861,0.2917388677597046,0.7118688821792603,0.0,0.9729227423667908,0.3286423981189728,0.8398013710975647,0.0,0.9789220094680786,0.2917206287384033,0.8480663299560547,0.0,0.9612954258918762,0.3802075684070587,0.9475643634796143,0.0,0.9239699840545654,0.31141379475593567,0.9602779746055603,0.0,0.8940338492393494
45,0.24442720413208008,0.49851953983306885,0.0,0.6518843173980713,0.2787059545516968,0.5457750558853149,0.0,0.9687339067459106,0.2724986672401428,0.5429147481918335,0.0,0.8521299362182617,0.290044903755188,0.7020503282546997,0.0,0.9789389371871948,0.28538262844085693,0.7036550641059875,0.0,0.9601702690124512,0.31068262457847595,0.8402817249298096,0.0,0.975030779838562,0.3114306330680847,0.8447595834732056,0.0,0.9576523900032043,0.3564184010028839,0.9475195407867432,0.0,0.9215180277824402,0.3538893461227417,0.9579287767410278,0.0,0.8975257873535156
47,0.23140889406204224,0.4973021149635315,0.0,0.6515293121337891,0.27505388855934143,0.5515706539154053,0.0,0.9777644872665405,0.25796055793762207,0.5460566878318787,0.0,0.8408533930778503,0.2840827703475952,0.7128530740737915,0.0,0.975709855556488,0.2741807699203491,0.7109634280204773,0.0,0.936115026473999,0.2808113396167755,0.8418329954147339,0.0,0.9221750497817993,0.2755012810230255,0.8402183055877686,0.0,0.8234171867370605,0.3009617030620575,0.9537026286125183,0.0,0.6495748162269592,0.28606489300727844,0.9475892186164856,0.0,0.5159047245979309
48,0.22920207679271698,0.49894607067108154,0.0,0.8711696863174438,0.26832905411720276,0.5371848940849304,0.0,0.9619463682174683,0.2502644956111908,0.5384127497673035,0.0,0.9123765230178833,0.27858665585517883,0.6428059339523315,0.0,0.9308639764785767,0.2665066421031952,0.6430999636650085,0.0,0.8986288905143738,0.2860044240951538,0.7353197336196899,0.0,0.8584847450256348,0.2740105390548706,0.7356297373771667,0.0,0.7854387760162354,0.2849538028240204,0.819237470626831,0.0,0.6867428421974182,0.27174049615859985,0.8163099884986877,0.0,0.6051769256591797
49,0.2226952612400055,0.49822431802749634,0.0,0.7792671918869019,0.26301315426826477,0.5518597960472107,0.0,0.9866989850997925,0.2610172927379608,0.5463235378265381,0.0,0.8404192924499512,0.2760101854801178,0.7131926417350769,0.0,0.9758204221725464,0.2786403298377991,0.711638331413269,0.0,0.9191315174102783,0.2816742956638336,0.8311946392059326,0.0,0.9615155458450317,0.29115521907806396,0.8250977396965027,0.0,0.884956955909729,0.3057866394519806,0.954565167427063,0.0,0.8524974584579468,0.3110179901123047,0.9379504323005676,0.0,0.7462493181228638
50,0.21713675558567047,0.4987432658672333,0.0,0.4409058094024658,0.25515639781951904,0.5496141910552979,0.0,0.9797875881195068,0.26925376057624817,0.5410027503967285,0.0,0.6314778327941895,0.2674296498298645,0.7214972972869873,0.0,0.9704248905181885,0.28035739064216614,0.7176975607872009,0.0,0.8692340850830078,0.26822149753570557,0.8422956466674805,0.0,0.9274677038192749,0.285521537065506,0.8328597545623779,0.0,0.7398580312728882,0.30254125595092773,0.9637429118156433,0.0,0.7331973910331726,0.30370286107063293,0.9436006546020508,0.0,0.5231886506080627
51,0.21266822516918182,0.5047699809074402,0.0,0.7066835761070251,0.25425633788108826,0.5505357980728149,0.0,0.973269522190094,0.25859564542770386,0.540447473526001,0.0,0.6959554553031921,0.28016582131385803,0.7032609581947327,0.0,0.965869665145874,0.282166063785553,0.7008944749832153,0.0,0.8858644366264343,0.28957095742225647,0.8372809886932373,0.0,0.9620166420936584,0.28351324796676636,0.8341010808944702,0.0,0.8855104446411133,0.3276670277118683,0.9644291400909424,0.0,0.8885079622268677,0.2966005504131317,0.9561496376991272,0.0,0.8001807332038879
53,0.2077847570180893,0.5036719441413879,0.0,0.37138301134109497,0.24609912931919098,0.5580736398696899,0.0,0.9759155511856079,0.2617267370223999,0.5428950786590576,0.0,0.6385114789009094,0.27083805203437805,0.7242071628570557,0.0,0.9615770578384399,0.2838737666606903,0.7178276181221008,0.0,0.853898286819458,0.26457521319389343,0.8594315648078918,0.0,0.8811585307121277,0.28553536534309387,0.848795473575592,0.0,0.6557357907295227,0.2860511243343353,0.9809482097625732,0.0,0.5737882852554321,0.2956811189651489,0.96186763048172,0.0,0.3709714412689209
55,0.20370279252529144,0.5075360536575317,0.0,0.5042549967765808,0.24859005212783813,0.5404771566390991,0.0,0.9693887829780579,0.23856329917907715,0.5522691607475281,0.0,0.8854914903640747,0.27093178033828735,0.6534890532493591,0.0,0.9717484712600708,0.2662588357925415,0.6584348678588867,0.0,0.9471994042396545,0.2741491198539734,0.7384297251701355,0.0,0.8977055549621582,0.26647698879241943,0.739631175994873,0.0,0.8298318386077881,0.27888602018356323,0.814579963684082,0.0,0.6490238308906555,0.2659766376018524,0.8117823004722595,0.0,0.5670847296714783
56,0.20303019881248474,0.513355016708374,0.0,0.5377510190010071,0.24783636629581451,0.5582835078239441,0.0,0.9636804461479187,0.2392437905073166,0.5679106712341309,0.0,0.8940156698226929,0.26648691296577454,0.7381842732429504,0.0,0.9633849263191223,0.26382458209991455,0.7415940761566162,0.0,0.9421993494033813,0.2711654305458069,0.8580143451690674,0.0,0.8447293043136597,0.2728002965450287,0.8536341190338135,0.0,0.7869454622268677,0.28877270221710205,0.9622853398323059,0.0,0.4727478623390198,0.2763650119304657,0.9525606632232666,0.0,0.42217665910720825
57,0.20125241577625275,0.5134454369544983,0.0,0.5989506244659424,0.2520245313644409,0.5542862415313721,0.0,0.9794257283210754,0.23243865370750427,0.5733119249343872,0.0,0.9414446353912354,0.2729802429676056,0.7143200039863586,0.0,0.9865581393241882,0.2625313103199005,0.7217485904693604,0.0,0.9787874817848206,0.27952635288238525,0.8368136286735535,0.0,0.9300237894058228,0.27171576023101807,0.8377289772033691,0.0,0.900839626789093,0.2993391156196594,0.952707052230835,0.0,0.6131434440612793,0.2766570448875427,0.9469679594039917,0.0,0.5659540891647339
58,0.19884051382541656,0.5098876357078552,0.0,0.6948001980781555,0.24934493005275726,0.5488041043281555,0.0,0.9814673066139221,0.22130459547042847,0.5613410472869873,0.0,0.8993325233459473,0.2684735655784607,0.6960580348968506,0.0,0.9813480377197266,0.25099924206733704,0.7013887763023376,0.0,0.9562119245529175,0.2762957811355591,0.8190387487411499,0.0,0.9333596229553223,0.2683063745498657,0.8209040760993958,0.0,0.8638809323310852,0.29307782649993896,0.9438056945800781,0.0,0.640743613243103,0.2739640474319458,0.9390671253204346,0.0,0.5297620296478271
60,0.19551898539066315,0.5137717723846436,0.0,0.5381036400794983,0.2364148199558258,0.5518782734870911,0.0,0.9800242781639099,0.2318633645772934,0.5565489530563354,0.0,0.8521361351013184,0.2564971148967743,0.7041115760803223,0.0,0.979219377040863,0.256139874458313,0.7067777514457703,0.0,0.9426684975624084,0.2554110586643219,0.8223822712898254,0.0,0.9341862797737122,0.26682332158088684,0.8233234286308289,0.0,0.8426108956336975,0.27442917227745056,0.9402263164520264,0.0,0.6691644191741943,0.27154526114463806,0.9348709583282471,0.0,0.5319606065750122
61,0.19481216371059418,0.5167314410209656,0.0,0.5001438856124878,0.2379922717809677,0.5537527799606323,0.0,0.9798830151557922,0.2335209846496582,0.5605235695838928,0.0,0.8150721192359924,0.25565606355667114,0.7029582858085632,0.0,0.9765971302986145,0.2564343214035034,0.7059369087219238,0.0,0.9272692203521729,0.25375598669052124,0.8144238591194153,0.0,0.9163491129875183,0.26563113927841187,0.8133695721626282,0.0,0.7831689715385437,0.27188432216644287,0.9238396883010864,0.0,0.6328979134559631,0.268546998500824,0.9130246639251709,0.0,0.4699142873287201
62,0.19363951683044434,0.5170400738716125,0.0,0.522369384765625,0.2382117211818695,0.5560200810432434,0.0,0.9801579117774963,0.22964529693126678,0.5626086592674255,0.0,0.8041707873344421,0.25227558612823486,0.7055076360702515,0.0,0.9800965189933777,0.2500278949737549,0.7085176110267639,0.0,0.9350429773330688,0.2521391212940216,0.8186159729957581,0.0,0.9355050325393677,0.2612893879413605,0.8180899620056152,0.0,0.8219537138938904,0.2716106176376343,0.9313070774078369,0.0,0.7135911583900452,0.26824724674224854,0.9216538667678833,0.0,0.555444598197937
63,0.19196438789367676,0.5191020965576172,0.0,0.5637813210487366,0.24025751650333405,0.5550607442855835,0.0,0.9853481650352478,0.22100485861301422,0.5658773183822632,0.0,0.9040794372558594,0.25334373116493225,0.7016124725341797,0.0,0.991650402545929,0.24192732572555542,0.7058670520782471,0.0,0.9796722531318665,0.2552385628223419,0.8178727626800537,0.0,0.9646100401878357,0.24862529337406158,0.8189275860786438,0.0,0.9226558804512024,0.27483275532722473,0.9219046831130981,0.0,0.7883448004722595,0.257187157869339,0.917489767074585,0.0,0.694355309009552
64,0.18586383759975433,0.517927885055542,0.0,0.4829673767089844,0.2339891791343689,0.5599800944328308,0.0,0.9773995876312256,0.22118711471557617,0.5643317699432373,0.0,0.8839691281318665,0.2469588667154312,0.6896771788597107,0.0,0.9811413884162903,0.2417372614145279,0.6908413171768188,0.0,0.9577780365943909,0.24790114164352417,0.7907235622406006,0.0,0.9001717567443848,0.24242791533470154,0.7874606251716614,0.0,0.8098536133766174,0.25796350836753845,0.8729864358901978,0.0,0.5890437960624695,0.24382266402244568,0.8635504245758057,0.0,0.4790787100791931
65,0.18522873520851135,0.5216478109359741,0.0,0.4947919547557831,0.2349672168493271,0.5618617534637451,0.0,0.9785839915275574,0.2187577337026596,0.5642982721328735,0.0,0.8952709436416626,0.24670128524303436,0.6838576197624207,0.0,0.9850708246231079,0.2393197864294052,0.683614194393158,0.0,0.9677161574363708,0.24489925801753998,0.7809901237487793,0.0,0.9291989207267761,0.23706024885177612,0.7764841318130493,0.0,0.8664441108703613,0.25290510058403015,0.8591728210449219,0.0,0.6918225288391113,0.23790207505226135,0.8492110967636108,0.0,0.5974920392036438
66,0.185846745967865,0.5220369696617126,0.0,0.5059195756912231,0.23153585195541382,0.5652282238006592,0.0,0.9855079054832458,0.21497522294521332,0.5665388703346252,0.0,0.8570422530174255,0.24700719118118286,0.7090533971786499,0.0,0.9899632334709167,0.2382822483778,0.7107894420623779,0.0,0.9676641821861267,0.25072968006134033,0.8383512496948242,0.0,0.9604052901268005,0.2495337426662445,0.8385376334190369,0.0,0.8888095021247864,0.2834647297859192,0.9429314136505127,0.0,0.7464984655380249,0.2640935182571411,0.9363526105880737,0.0,0.6024622917175293
67,0.18714193999767303,0.5212448835372925,0.0,0.39416757225990295,0.22976721823215485,0.5678870677947998,0.0,0.9858267903327942,0.22055886685848236,0.5697184801101685,0.0,0.8515220880508423,0.2409764677286148,0.7116278409957886,0.0,0.9916063547134399,0.23918014764785767,0.7127965092658997,0.0,0.972047746181488,0.2429720014333725,0.8285022974014282,0.0,0.9633508920669556,0.25004029273986816,0.826919436454773,0.0,0.8942850828170776,0.2710949778556824,0.9316383004188538,0.0,0.7753477096557617,0.25847765803337097,0.9215043187141418,0.0,0.6351598501205444
69,0.18434594571590424,0.528058648109436,0.0,0.3554714620113373,0.21819835901260376,0.5813480615615845,0.0,0.9734811782836914,0.22929364442825317,0.5746243000030518,0.0,0.7839246988296509,0.2351476550102234,0.7207876443862915,0.0,0.9742251038551331,0.24650168418884277,0.7193648219108582,0.0,0.9257774949073792,0.23920468986034393,0.8384044766426086,0.0,0.920167863368988,0.2589617669582367,0.8341702222824097,0.0,0.8057631254196167,0.2674868404865265,0.9387760162353516,0.0,0.6860749125480652,0.2681144177913666,0.9285033345222473,0.0,0.5420314073562622
70,0.1808910071849823,0.5323588848114014,0.0,0.6562787890434265,0.2274285852909088,0.5771203637123108,0.0,0.988413393497467,0.216777041554451,0.5796959400177002,0.0,0.8791171312332153,0.2437867969274521,0.716294527053833,0.0,0.9859026670455933,0.24173617362976074,0.7185131907463074,0.0,0.9546890258789062,0.24434909224510193,0.8355992436408997,0.0,0.9454508423805237,0.26190808415412903,0.8336079120635986,0.0,0.8500733375549316,0.2657613754272461,0.9360345005989075,0.0,0.7227364778518677,0.2781096398830414,0.9258929491043091,0.0,0.5717899799346924
71,0.17948292195796967,0.5357665419578552,0.0,0.5681968927383423,0.22904396057128906,0.5819399356842041,0.0,0.9817438125610352,0.21401996910572052,0.5836770534515381,0.0,0.8412132263183594,0.24097180366516113,0.7202414274215698,0.0,0.9741869568824768,0.2337532639503479,0.7216620445251465,0.0,0.9249088764190674,0.24710291624069214,0.8379958868026733,0.0,0.8675222396850586,0.2457866072654724,0.8364969491958618,0.0,0.6983786821365356,0.27195224165916443,0.9056532979011536,0.0,0.47755876183509827,0.25618991255760193,0.8980770111083984,0.0,0.3271869421005249
72,0.17878633737564087,0.5363321900367737,0.0,0.4510400891304016,0.21990233659744263,0.5823562741279602,0.0,0.9812415838241577,0.2171861082315445,0.5864278674125671,0.0,0.8409608602523804,0.23558925092220306,0.7180423736572266,0.0,0.9795856475830078,0.2370196282863617,0.7209587097167969,0.0,0.9403424859046936,0.23780371248722076,0.8331666588783264,0.0,0.904916524887085,0.24613970518112183,0.8345946073532104,0.0,0.7699171304702759,0.26082977652549744,0.9079582691192627,0.0,0.5786099433898926,0.25524210929870605,0.9043519496917725,0.0,0.42053893208503723
73,0.1776597499847412,0.5412691831588745,0.0,0.5880969166755676,0.22468337416648865,0.5877580642700195,0.0,0.9782700538635254,0.21033264696598053,0.5901901125907898,0.0,0.8701520562171936,0.23946571350097656,0.708728015422821,0.0,0.9801135659217834,0.23189511895179749,0.7105861306190491,0.0,0.9520717263221741,0.24201057851314545,0.8132216930389404,0.0,0.9138227701187134,0.235714852809906,0.8145503401756287,0.0,0.8207955956459045,0.2579827308654785,0.8871700763702393,0.0,0.6411263942718506,0.2409147322177887,0.8861178755760193,0.0,0.5179231762886047
74,0.17514361441135406,0.5461808443069458,0.0,0.7179694771766663,0.22157631814479828,0.5890557765960693,0.0,0.9817857146263123,0.20452137291431427,0.5974242091178894,0.0,0.9116213321685791,0.2384115606546402,0.7173081040382385,0.0,0.9719226360321045,0.22851890325546265,0.7228395938873291,0.0,0.9395250678062439,0.24337822198867798,0.8215566873550415,0.0,0.8477538824081421,0.2377328872680664,0.8257849216461182,0.0,0.7243644595146179,0.254607617855072,0.8863257169723511,0.0,0.46589359641075134,0.24051839113235474,0.8870163559913635,0.0,0.35625749826431274
75,0.17413119971752167,0.5464593172073364,0.0,0.7405267953872681,0.22134019434452057,0.5842702984809875,0.0,0.9850776195526123,0.19604668021202087,0.5899035930633545,0.0,0.8731324672698975,0.23758429288864136,0.7077134251594543,0.0,0.9864223599433899,0.22268375754356384,0.7102507948875427,0.0,0.9612261652946472,0.2357657104730606,0.8058621883392334,0.0,0.970349133014679,0.22952769696712494,0.8066659569740295,0.0,0.9237427711486816,0.2523641884326935,0.892521858215332,0.0,0.8823754191398621,0.2445390224456787,0.8894713521003723,0.0,0.8051530718803406
76,0.17253799736499786,0.5433012247085571,0.0,0.5918431878089905,0.21520470082759857,0.5904125571250916,0.0,0.980486273765564,0.20151066780090332,0.5930909514427185,0.0,0.8661402463912964,0.23476728796958923,0.719048798084259,0.0,0.9820396304130554,0.22784020006656647,0.7210414409637451,0.0,0.9541928768157959,0.2358119934797287,0.8129419088363647,0.0,0.9513614773750305,0.2368927001953125,0.8135203123092651,0.0,0.8898482322692871,0.2538679838180542,0.8929955363273621,0.0,0.8008107542991638,0.24745403230190277,0.8928145170211792,0.0,0.7033222913742065
77,0.17061562836170197,0.5501387715339661,0.0,0.6992864608764648,0.22028188407421112,0.589874267578125,0.0,0.9890576004981995,0.19722606241703033,0.5975157618522644,0.0,0.8890475034713745,0.23803271353244781,0.7220555543899536,0.0,0.990991473197937,0.22480212152004242,0.7255663871765137,0.0,0.9720144271850586,0.2397368997335434,0.820209801197052,0.0,0.9763472676277161,0.23610524833202362,0.8220605850219727,0.0,0.9348030090332031,0.2581869959831238,0.9079844355583191,0.0,0.8869888782501221,0.24973870813846588,0.9072297215461731,0.0,0.8060917258262634
78,0.16886276006698608,0.5537140369415283,0.0,0.7564658522605896,0.2201552391052246,0.5894549489021301,0.0,0.9914031624794006,0.19124414026737213,0.5915037393569946,0.0,0.8673635721206665,0.23289266228675842,0.7165229916572571,0.0,0.9921574592590332,0.2160014659166336,0.7177140116691589,0.0,0.9698439240455627,0.2374304234981537,0.8120729923248291,0.0,0.9805731177330017,0.2300167977809906,0.8124071359634399,0.0,0.934596598148346,0.2532670497894287,0.8994505405426025,0.0,0.9074575304985046,0.2433111071586609,0.8953221440315247,0.0,0.8203350901603699
79,0.1678641438484192,0.5596855878829956,0.0,0.8169946074485779,0.21794365346431732,0.591637372970581,0.0,0.9897522926330566,0.19462665915489197,0.6023974418640137,0.0,0.9144454002380371,0.23610524833202362,0.7301903367042542,0.0,0.9841480255126953,0.222866952419281,0.7352317571640015,0.0,0.9565051198005676,0.23812173306941986,0.8279179334640503,0.0,0.9473274350166321,0.23782461881637573,0.8317463397979736,0.0,0.8741497993469238,0.2515711784362793,0.9130863547325134,0.0,0.7518523335456848,0.2474859207868576,0.9143041968345642,0.0,0.6307121515274048
80,0.16714587807655334,0.5630977749824524,0.0,0.8305695652961731,0.22273069620132446,0.5911257266998291,0.0,0.9931260347366333,0.18569216132164001,0.6050957441329956,0.0,0.9086288809776306,0.2355642318725586,0.7279418110847473,0.0,0.9901734590530396,0.21345262229442596,0.7333347797393799,0.0,0.965626060962677,0.23705492913722992,0.8234182000160217,0.0,0.9644080996513367,0.22682128846645355,0.8267720937728882,0.0,0.8919867277145386,0.25165125727653503,0.9028000235557556,0.0,0.8148532509803772,0.24064978957176208,0.9019393920898438,0.0,0.6792743802070618
81,0.1653565764427185,0.5643323659896851,0.0,0.7218790650367737,0.21436911821365356,0.5925419330596924,0.0,0.98920738697052,0.18801182508468628,0.60614013671875,0.0,0.8963156938552856,0.23137597739696503,0.7350666522979736,0.0,0.9860662817955017,0.2164778709411621,0.7407264113426208,0.0,0.9585403203964233,0.23456740379333496,0.8303212523460388,0.0,0.945342481136322,0.22994893789291382,0.833109438419342,0.0,0.8603107333183289,0.24949002265930176,0.907358705997467,0.0,0.7340999245643616,0.2401236891746521,0.9057984948158264,0.0,0.5946907997131348
83,0.16164982318878174,0.5693907737731934,0.0,0.7247862815856934,0.21121230721473694,0.592736542224884,0.0,0.9862887859344482,0.1902688890695572,0.5952043533325195,0.0,0.821487307548523,0.22476042807102203,0.7307483553886414,0.0,0.9808376431465149,0.2139005810022354,0.7314286231994629,0.0,0.9334884285926819,0.22428330779075623,0.8255546689033508,0.0,0.9495623111724854,0.22505345940589905,0.8226146101951599,0.0,0.8510312438011169,0.2364543378353119,0.8975998759269714,0.0,0.8092206716537476,0.23390136659145355,0.8897412419319153,0.0,0.6717394590377808
92,0.138795867562294,0.5696513056755066,0.0,0.6257082223892212,0.18246711790561676,0.5936678051948547,0.0,0.9715237021446228,0.16846811771392822,0.5945063829421997,0.0,0.7900722622871399,0.19865398108959198,0.7301263213157654,0.0,0.955207109451294,0.19081614911556244,0.7314896583557129,0.0,0.8799080848693848,0.19810420274734497,0.8367984294891357,0.0,0.8355422019958496,0.19790221750736237,0.8365461826324463,0.0,0.6505864262580872,0.21485838294029236,0.8913065791130066,0.0,0.5163937211036682,0.20242975652217865,0.8837206959724426,0.0,0.3651932179927826
93,0.13949914276599884,0.5719678997993469,0.0,0.6394035220146179,0.18474560976028442,0.5927524566650391,0.0,0.9802210330963135,0.16311728954315186,0.597487211227417,0.0,0.8429247140884399,0.2005174160003662,0.7193635702133179,0.0,0.9817450642585754,0.18889197707176208,0.7220141887664795,0.0,0.9477670192718506,0.19634012877941132,0.8164596557617188,0.0,0.9448692798614502,0.19724446535110474,0.8175724744796753,0.0,0.8613743782043457,0.21123415231704712,0.885087788105011,0.0,0.7931405305862427,0.20635828375816345,0.8789849281311035,0.0,0.6738074421882629
94,0.13406094908714294,0.5715336799621582,0.0,0.7910831570625305,0.18350830674171448,0.5924528241157532,0.0,0.9906378984451294,0.15374581515789032,0.5999770164489746,0.0,0.8935421705245972,0.19624915719032288,0.7236244678497314,0.0,0.9886616468429565,0.17927047610282898,0.7273072600364685,0.0,0.9619153738021851,0.19504953920841217,0.8220964074134827,0.0,0.9536515474319458,0.18997465074062347,0.8251206874847412,0.0,0.8653151988983154,0.21078792214393616,0.8941949009895325,0.0,0.7789814472198486,0.19873352348804474,0.8895184397697449,0.0,0.6315320730209351
95,0.13074149191379547,0.5721249580383301,0.0,0.8366881608963013,0.1794448345899582,0.5906064510345459,0.0,0.988922119140625,0.14972057938575745,0.6027706265449524,0.0,0.9187729358673096,0.19127501547336578,0.7247135639190674,0.0,0.9853469133377075,0.17428864538669586,0.7306606769561768,0.0,0.961120069026947,0.19359265267848969,0.8187025785446167,0.0,0.9425174593925476,0.1891804188489914,0.8249714374542236,0.0,0.8671144247055054,0.20357073843479156,0.893031656742096,0.0,0.7481763362884521,0.1928013265132904,0.892476499080658,0.0,0.6270249485969543
96,0.1256885677576065,0.5677626729011536,0.0,0.8297742605209351,0.17905378341674805,0.5913481116294861,0.0,0.9868415594100952,0.14661629498004913,0.6022704243659973,0.0,0.907778799533844,0.19232536852359772,0.7274426817893982,0.0,0.9823387265205383,0.17305193841457367,0.7319788336753845,0.0,0.9547785520553589,0.19199824333190918,0.8321311473846436,0.0,0.9130363464355469,0.1813294142484665,0.8359149098396301,0.0,0.8105400204658508,0.19867970049381256,0.9120380878448486,0.0,0.6355543732643127,0.18208184838294983,0.9085633754730225,0.0,0.49936577677726746
97,0.12890328466892242,0.5732468962669373,0.0,0.7758729457855225,0.17737242579460144,0.5856013298034668,0.0,0.9854443669319153,0.14642231166362762,0.596788763999939,0.0,0.9144862294197083,0.19277219474315643,0.7109128832817078,0.0,0.9864024519920349,0.17452852427959442,0.7157291173934937,0.0,0.9677329063415527,0.19236165285110474,0.8104865550994873,0.0,0.938252329826355,0.18435369431972504,0.8153219819068909,0.0,0.8710975050926208,0.19615153968334198,0.8870713114738464,0.0,0.7275052666664124,0.1859220564365387,0.8855577707290649,0.0,0.6179236769676208
98,0.12430548667907715,0.5730032920837402,0.0,0.7047345638275146,0.1664118617773056,0.5941093564033508,0.0,0.9824180006980896,0.1535683274269104,0.5975035429000854,0.0,0.8460980653762817,0.18191350996494293,0.7197717428207397,0.0,0.9807320237159729,0.1751932054758072,0.7214895486831665,0.0,0.9440422058105469,0.18420790135860443,0.8177535533905029,0.0,0.9355934858322144,0.18587328493595123,0.8172448873519897,0.0,0.8390865921974182,0.191928431391716,0.8991922736167908,0.0,0.7572108507156372,0.18451738357543945,0.8916706442832947,0.0,0.6218765377998352
99,0.12079460173845291,0.5733754634857178,0.0,0.728986382484436,0.16857272386550903,0.5917216539382935,0.0,0.9796409010887146,0.14524151384830475,0.5981967449188232,0.0,0.8352933526039124,0.1829688996076584,0.7182955145835876,0.0,0.9790076017379761,0.16904139518737793,0.7213805317878723,0.0,0.9412103891372681,0.18587054312229156,0.8128507137298584,0.0,0.935459315776825,0.18048560619354248,0.815214991569519,0.0,0.8440805077552795,0.19177784025669098,0.8927751183509827,0.0,0.7741074562072754,0.18118970096111298,0.8891353607177734,0.0,0.6488978862762451
100,0.1172482967376709,0.5731613039970398,0.0,0.7274346947669983,0.16740918159484863,0.5906493663787842,0.0,0.977241039276123,0.14407648146152496,0.5967690944671631,0.0,0.8428940773010254,0.18607120215892792,0.7275899052619934,0.0,0.968519389629364,0.17190386354923248,0.729869544506073,0.0,0.9208632111549377,0.18222980201244354,0.8288248777389526,0.0,0.8600426316261292,0.17565275728702545,0.8295238018035889,0.0,0.7119979858398438,0.18665742874145508,0.8997095823287964,0.0,0.5405054688453674,0.17342716455459595,0.8926681876182556,0.0,0.39894598722457886
101,0.11725599318742752,0.5702515840530396,0.0,0.7018462419509888,0.16483719646930695,0.5884163975715637,0.0,0.9640055894851685,0.14051508903503418,0.592858076095581,0.0,0.8398205637931824,0.1803033947944641,0.7203160524368286,0.0,0.9577757716178894,0.16555717587471008,0.7214761972427368,0.0,0.9150719046592712,0.17661458253860474,0.8201264142990112,0.0,0.8271573781967163,0.16924971342086792,0.8184223175048828,0.0,0.7061907052993774,0.17797622084617615,0.8975958228111267,0.0,0.5141696333885193,0.16909584403038025,0.8896247148513794,0.0,0.4062689244747162
102,0.11400467902421951,0.5750483870506287,0.0,0.7847521305084229,0.16462410986423492,0.5891549587249756,0.0,0.986477255821228,0.138780415058136,0.5954001545906067,0.0,0.8581144213676453,0.17682427167892456,0.7173711061477661,0.0,0.9813127517700195,0.16211479902267456,0.7187713384628296,0.0,0.941893994808197,0.1741010844707489,0.8131551742553711,0.0,0.9254629611968994,0.16862377524375916,0.8112265467643738,0.0,0.8045550584793091,0.17673565447330475,0.8896389007568359,0.0,0.7082561254501343,0.1649550050497055,0.8787642121315002,0.0,0.5478910803794861
103,0.12009205669164658,0.5701550245285034,0.0,0.6671261787414551,0.137639582157135,0.5898526310920715,0.0,0.8525910377502441,0.1152501329779625,0.599510908126831,0.0,0.8956425786018372,0.1539101004600525,0.714809000492096,0.0,0.8693827390670776,0.1403239667415619,0.7214292287826538,0.0,0.8891240358352661,0.17177313566207886,0.7951716780662537,0.0,0.6433632969856262,0.16207732260227203,0.8023832440376282,0.0,0.7050121426582336,0.16826999187469482,0.8671329021453857,0.0,0.372112900018692,0.16474343836307526,0.8721478581428528,0.0,0.41762176156044006
110,0.12269153445959091,0.5870050191879272,0.0,0.4153427481651306,0.1447535753250122,0.6063987016677856,0.0,0.8943184018135071,0.1069139912724495,0.611642599105835,0.0,0.8440319299697876,0.15011851489543915,0.7268240451812744,0.0,0.972389280796051,0.1261005401611328,0.7305354475975037,0.0,0.9639167785644531,0.1581600308418274,0.8190367817878723,0.0,0.9180099964141846,0.13858461380004883,0.822821855545044,0.0,0.8879756927490234,0.15936215221881866,0.8936046957969666,0.0,0.6963233351707458,0.14395079016685486,0.897294282913208,0.0,0.6399192214012146
111,0.09020998328924179,0.591016411781311,0.0,0.9010961055755615,0.14169615507125854,0.6159023642539978,0.0,0.9863741397857666,0.09674424678087234,0.6266176700592041,0.0,0.9237728714942932,0.15804800391197205,0.7338240146636963,0.0,0.9794901013374329,0.1302662044763565,0.7387582659721375,0.0,0.9521347284317017,0.15818458795547485,0.8236926198005676,0.0,0.9456796646118164,0.1402616649866104,0.8282071948051453,0.0,0.8870895504951477,0.16296257078647614,0.907301664352417,0.0,0.8064365386962891,0.14763250946998596,0.9058994650840759,0.0,0.7215104103088379
112,0.09465909749269485,0.5926711559295654,0.0,0.8886750340461731,0.13801784813404083,0.6201923489570618,0.0,0.9734926819801331,0.08693171292543411,0.6293184757232666,0.0,0.916965126991272,0.1516057401895523,0.7356739640235901,0.0,0.9574018120765686,0.11981954425573349,0.7409676909446716,0.0,0.9249160885810852,0.1556711196899414,0.8217697739601135,0.0,0.8865001797676086,0.1313568502664566,0.8269594311714172,0.0,0.82188880443573,0.1568908542394638,0.8921894431114197,0.0,0.6911829113960266,0.1410507708787918,0.8934414982795715,0.0,0.6189572215080261
113,0.09015010297298431,0.5937737226486206,0.0,0.8619695901870728,0.13081416487693787,0.6220333576202393,0.0,0.9693161249160767,0.08575364947319031,0.6311686038970947,0.0,0.9141274094581604,0.15013624727725983,0.7415686249732971,0.0,0.9585029482841492,0.12152565270662308,0.7471851110458374,0.0,0.9309440851211548,0.15587455034255981,0.8294135332107544,0.0,0.8908411860466003,0.13036541640758514,0.8343088626861572,0.0,0.8361342549324036,0.16134518384933472,0.9028498530387878,0.0,0.7018138766288757,0.1393049657344818,0.9035065174102783,0.0,0.6398882269859314
114,0.07296570390462875,0.6005233526229858,0.0,0.8084940910339355,0.13108840584754944,0.6215267777442932,0.0,0.9775310158729553,0.09228280186653137,0.6279550790786743,0.0,0.898128867149353,0.14649765193462372,0.7381118535995483,0.0,0.9737117886543274,0.1213843822479248,0.7405452728271484,0.0,0.9463589191436768,0.1455536037683487,0.8326746821403503,0.0,0.8928139209747314,0.1244201734662056,0.8342053890228271,0.0,0.8091557025909424,0.14861875772476196,0.9071005582809448,0.0,0.6343436241149902,0.129983589053154,0.9046024680137634,0.0,0.5352616906166077
115,0.07452977448701859,0.6009724736213684,0.0,0.8078119158744812,0.12693586945533752,0.6285589933395386,0.0,0.9679681062698364,0.08312460780143738,0.6311501860618591,0.0,0.8198120594024658,0.136029452085495,0.74833744764328,0.0,0.9514903426170349,0.10783834755420685,0.7502849698066711,0.0,0.8886776566505432,0.13767284154891968,0.8426856994628906,0.0,0.8356996774673462,0.11770519614219666,0.8453272581100464,0.0,0.6875693798065186,0.14039815962314606,0.9101385474205017,0.0,0.5633008480072021,0.1252756118774414,0.9104394912719727,0.0,0.43039748072624207
116,0.06717642396688461,0.6007499098777771,0.0,0.7854433655738831,0.11982443928718567,0.6336245536804199,0.0,0.9791069030761719,0.08855780959129333,0.6327368021011353,0.0,0.8313531875610352,0.12644700706005096,0.755254328250885,0.0,0.9670389890670776,0.10581126064062119,0.7545980215072632,0.0,0.9105553030967712,0.1295180469751358,0.8468859791755676,0.0,0.8712757229804993,0.11364571750164032,0.8445771932601929,0.0,0.7161920070648193,0.13780485093593597,0.9151116609573364,0.0,0.6030611991882324,0.12061145156621933,0.9083475470542908,0.0,0.44786399602890015
